Date,Holiday,Uptime,Peak_Period,Dispense
1-Jun-15,0,1,1,239025
2-Jun-15,0,0.46,1,58875
3-Jun-15,0,0.07,1,25959
4-Jun-15,0,0,1,967
5-Jun-15,0,0,1,305
6-Jun-15,0,0.38,1,78203
7-Jun-15,1,1,1,268949
8-Jun-15,0,1,1,277741
9-Jun-15,0,1,1,110206
10-Jun-15,0,1,0,203948
11-Jun-15,0,1,0,130439
12-Jun-15,0,0.35,0,66441
13-Jun-15,0,0.4,0,110997
14-Jun-15,1,0.3,0,3639
15-Jun-15,0,0.05,0,265
16-Jun-15,0,1,0,14920
17-Jun-15,0,0.12,0,119917
18-Jun-15,0,0,0,529
19-Jun-15,0,0.01,0,440
20-Jun-15,0,0.32,0,115459
21-Jun-15,1,1,0,210870
22-Jun-15,0,1,0,131114
23-Jun-15,0,0.96,0,119146
24-Jun-15,0,1,0,61336
25-Jun-15,0,0.96,0,119566
26-Jun-15,0,0.88,0,141371
27-Jun-15,0,1,0,76939
28-Jun-15,1,0.65,0,87635
29-Jun-15,0,0.14,1,3482
30-Jun-15,0,0.62,1,88272
1-Jul-15,0,0.97,1,317547
2-Jul-15,0,1,1,218914
3-Jul-15,0,1,1,232483
4-Jul-15,0,1,1,272621
5-Jul-15,1,1,1,308843
6-Jul-15,0,1,1,134702
7-Jul-15,0,0.97,1,11750
8-Jul-15,0,0.63,1,114189
9-Jul-15,0,0.48,1,186103
10-Jul-15,0,1,0,98874
11-Jul-15,0,1,0,254527
12-Jul-15,1,0.77,0,62274
13-Jul-15,0,0.37,0,23639
14-Jul-15,0,0.97,0,66749
15-Jul-15,0,1,0,144646
16-Jul-15,0,1,0,91833
17-Jul-15,0,1,0,191229
18-Jul-15,0,1,0,78621
19-Jul-15,1,1,0,89985
20-Jul-15,0,1,0,159497
21-Jul-15,0,1,0,245139
22-Jul-15,0,0.21,0,16537
23-Jul-15,0,1,0,150863
24-Jul-15,0,1,0,273327
25-Jul-15,0,0.97,0,128325
26-Jul-15,1,0.73,0,183899
27-Jul-15,0,0,0,510
28-Jul-15,0,0.5,0,95684
29-Jul-15,0,1,1,161239
30-Jul-15,0,1,1,80701
31-Jul-15,0,1,1,114500
1-Aug-15,0,0.97,1,165407
2-Aug-15,1,1,1,64313
3-Aug-15,0,1,1,136674
4-Aug-15,0,1,1,54276
5-Aug-15,0,1,1,146373
6-Aug-15,0,0.98,1,150462
7-Aug-15,0,0.98,1,68374
8-Aug-15,0,1,1,172746
9-Aug-15,1,0.87,1,113885
10-Aug-15,0,0.97,0,203184
11-Aug-15,0,0.97,0,70472
12-Aug-15,0,1,0,66564
13-Aug-15,0,1,0,79302
14-Aug-15,0,1,0,48386
15-Aug-15,0,0.98,0,110190
16-Aug-15,1,1,0,69496
17-Aug-15,0,0.96,0,80996
18-Aug-15,0,0.91,0,66887
19-Aug-15,0,1,0,152417
20-Aug-15,0,1,0,219999
21-Aug-15,0,0.78,0,74811
22-Aug-15,0,0.63,0,17461
23-Aug-15,1,0.25,0,62680
24-Aug-15,0,1,0,105535
25-Aug-15,0,1,0,182504
26-Aug-15,0,1,0,129484
27-Aug-15,0,1,0,87660
28-Aug-15,0,1,0,204889
29-Aug-15,0,1,1,185421
30-Aug-15,1,1,1,134326
31-Aug-15,0,1,1,107304
1-Sep-15,0,1,1,200226
2-Sep-15,0,1,1,108432
3-Sep-15,0,1,1,276701
4-Sep-15,0,1,1,398470
5-Sep-15,0,1,1,192004
6-Sep-15,1,0.73,1,282989
7-Sep-15,0,0.73,1,4925
8-Sep-15,0,0.53,1,52248
9-Sep-15,0,0,1,143
10-Sep-15,0,0,0,299
11-Sep-15,0,1,0,18155
12-Sep-15,0,1,0,171534
13-Sep-15,1,0,0,408
14-Sep-15,0,0,0,33
15-Sep-15,0,0,0,185
16-Sep-15,0,0.29,0,19553
17-Sep-15,0,0.97,0,99429
18-Sep-15,0,1,0,193011
19-Sep-15,0,0.77,0,159826
20-Sep-15,1,1,0,197527
21-Sep-15,0,0.65,0,62702
22-Sep-15,0,0.59,0,36837
23-Sep-15,0,1,0,62468
24-Sep-15,0,1,0,256430
25-Sep-15,0,1,0,69022
26-Sep-15,0,1,0,59224
27-Sep-15,1,1,0,97985
28-Sep-15,0,1,0,79214
29-Sep-15,0,1,1,51104
30-Sep-15,0,1,1,204185
1-Oct-15,0,1,1,255489
2-Oct-15,0,1,1,215247
3-Oct-15,0,1,1,267042
4-Oct-15,1,1,1,200919
5-Oct-15,0,0.96,1,152683
6-Oct-15,0,1,1,296552
7-Oct-15,0,1,1,300982
8-Oct-15,0,1,1,183267
9-Oct-15,0,1,1,89647
10-Oct-15,0,1,0,250333
11-Oct-15,1,1,0,187883
12-Oct-15,0,1,0,226856
13-Oct-15,0,1,0,191509
14-Oct-15,0,1,0,119621
15-Oct-15,0,1,0,164963
16-Oct-15,0,1,0,166462
17-Oct-15,0,1,0,172534
18-Oct-15,1,1,0,305229
19-Oct-15,0,1,0,88758
20-Oct-15,0,1,0,105878
21-Oct-15,0,1,0,116538
22-Oct-15,0,1,0,169946
23-Oct-15,0,1,0,178944
24-Oct-15,0,1,0,77828
25-Oct-15,1,1,0,221787
26-Oct-15,0,1,0,43608
27-Oct-15,0,0.88,0,66663
28-Oct-15,0,1,0,127185
29-Oct-15,0,1,1,113503
30-Oct-15,0,1,1,204530
31-Oct-15,0,1,1,233337
1-Nov-15,1,1,1,258333
2-Nov-15,0,1,1,282762
3-Nov-15,0,0.4,1,21700
4-Nov-15,0,0.97,1,178813
5-Nov-15,0,1,1,142054
6-Nov-15,0,1,1,148403
7-Nov-15,0,1,1,408021
8-Nov-15,1,1,1,247673
9-Nov-15,0,1,1,164626
10-Nov-15,0,1,0,269613
11-Nov-15,0,1,0,268753
12-Nov-15,0,0.85,0,261079
13-Nov-15,0,0,0,402
14-Nov-15,0,0.19,0,8440
15-Nov-15,1,0.88,0,1929
16-Nov-15,0,1,0,20066
17-Nov-15,0,1,0,265987
18-Nov-15,0,1,0,80414
19-Nov-15,0,1,0,65003
20-Nov-15,0,0.96,0,173088
21-Nov-15,0,1,0,72725
22-Nov-15,1,1,0,108951
23-Nov-15,0,1,0,78571
24-Nov-15,0,0.66,0,2098
25-Nov-15,0,0.5,0,70987
26-Nov-15,0,1,0,167456
27-Nov-15,0,1,0,64429
28-Nov-15,0,1,0,68221
29-Nov-15,1,1,1,86481
30-Nov-15,0,1,1,177444
1-Dec-15,0,1,1,180660
2-Dec-15,0,1,1,132343
3-Dec-15,0,1,1,261367
4-Dec-15,0,1,1,193644
5-Dec-15,0,1,1,90497
6-Dec-15,1,1,1,84727
7-Dec-15,0,1,1,304194
8-Dec-15,0,1,1,195224
9-Dec-15,0,0.57,1,70759
10-Dec-15,0,0,0,64
11-Dec-15,0,0.02,0,808
12-Dec-15,0,1,0,68610
13-Dec-15,1,1,0,27285
14-Dec-15,0,1,0,62149
15-Dec-15,0,1,0,128617
16-Dec-15,0,1,0,140059
17-Dec-15,0,1,0,58740
18-Dec-15,0,1,0,117888
19-Dec-15,0,1,0,110788
20-Dec-15,1,1,0,132453
21-Dec-15,0,1,0,88952
22-Dec-15,0,1,0,150544
23-Dec-15,0,1,0,74765
24-Dec-15,0,1,0,168785
25-Dec-15,0,1,0,90841
26-Dec-15,0,1,0,207902
27-Dec-15,1,1,0,127326
28-Dec-15,0,0.85,0,119630
29-Dec-15,0,0.41,1,11945
30-Dec-15,0,0.96,1,82709
31-Dec-15,0,1,1,110249
1-Jan-16,0,1,1,90025
2-Jan-16,0,1,1,115995
3-Jan-16,1,1,1,115938
4-Jan-16,0,1,1,178964
5-Jan-16,0,1,1,131699
6-Jan-16,0,1,1,193600
7-Jan-16,0,1,1,111989
8-Jan-16,0,1,1,174357
9-Jan-16,0,1,1,157209
10-Jan-16,1,1,0,74967
11-Jan-16,0,1,0,114743
12-Jan-16,0,1,0,163580
13-Jan-16,0,1,0,128959
14-Jan-16,0,1,0,121365
15-Jan-16,0,1,0,99871
16-Jan-16,0,1,0,112167
17-Jan-16,1,1,0,125285
18-Jan-16,0,1,0,19759
19-Jan-16,0,1,0,31897
20-Jan-16,0,1,0,93973
21-Jan-16,0,1,0,77975
22-Jan-16,0,1,0,149399
23-Jan-16,0,0.44,0,30
24-Jan-16,1,0,0,654
25-Jan-16,0,0.3,0,25400
26-Jan-16,0,1,0,48848
27-Jan-16,0,1,0,103887
28-Jan-16,0,1,0,118984
29-Jan-16,0,1,1,126727
30-Jan-16,0,1,1,176013
31-Jan-16,1,1,1,132950
1-Feb-16,0,1,1,102463
2-Feb-16,0,1,1,237755
3-Feb-16,0,1,1,116813
4-Feb-16,0,0.83,1,123951
5-Feb-16,0,1,1,152621
6-Feb-16,0,1,1,169000
7-Feb-16,1,1,1,248471
8-Feb-16,0,1,1,111806
9-Feb-16,0,1,1,63312
10-Feb-16,0,1,0,162287
11-Feb-16,0,1,0,134221
12-Feb-16,0,1,0,155297
13-Feb-16,0,1,0,147591
14-Feb-16,1,1,0,45039
15-Feb-16,0,1,0,127872
16-Feb-16,0,1,0,43245
17-Feb-16,0,1,0,147527
18-Feb-16,0,1,0,62424
19-Feb-16,0,1,0,101121
20-Feb-16,0,1,0,75235
21-Feb-16,1,1,0,179783
22-Feb-16,0,1,0,162345
23-Feb-16,0,1,0,106928
24-Feb-16,0,1,0,146492
25-Feb-16,0,1,0,103473
26-Feb-16,0,1,0,174287
27-Feb-16,0,1,0,202193
28-Feb-16,1,1,0,69971
29-Feb-16,0,1,1,69935
1-Mar-16,0,1,1,90329
2-Mar-16,0,1,1,166887
3-Mar-16,0,1,1,133805
4-Mar-16,0,1,1,100954
5-Mar-16,0,1,1,135060
6-Mar-16,1,1,1,209997
7-Mar-16,0,1,1,166163
8-Mar-16,0,1,1,27248
9-Mar-16,0,0,1,712
10-Mar-16,0,0,0,793
11-Mar-16,0,0,0,518
12-Mar-16,0,0,0,987
13-Mar-16,1,0,0,99
14-Mar-16,0,0,0,526
15-Mar-16,0,0,0,497
16-Mar-16,0,0.93,0,68208
17-Mar-16,0,1,0,98070
18-Mar-16,0,1,0,166813
19-Mar-16,0,0.49,0,22348
20-Mar-16,1,0.4,0,82209
21-Mar-16,0,0.5,0,115966
22-Mar-16,0,0.31,0,59543
23-Mar-16,0,0.47,0,55026
24-Mar-16,0,0,0,503
25-Mar-16,0,0.49,0,155212
26-Mar-16,0,0.53,0,137931
27-Mar-16,1,0,0,273
28-Mar-16,0,0,0,683
29-Mar-16,0,0,1,298
30-Mar-16,0,0.29,1,659
31-Mar-16,0,1,1,71901
1-Apr-16,0,1,1,277786
2-Apr-16,0,0.96,1,37279
3-Apr-16,1,1,1,107089
4-Apr-16,0,1,1,36687
5-Apr-16,0,0.79,1,11757
6-Apr-16,0,0.54,1,86325
7-Apr-16,0,0.74,1,96398
8-Apr-16,0,0.2,1,225
9-Apr-16,0,0,1,343
10-Apr-16,1,0,0,109
11-Apr-16,0,0,0,809
12-Apr-16,0,0.35,0,834
13-Apr-16,0,0,0,846
14-Apr-16,0,0,0,780
15-Apr-16,0,0,0,119
16-Apr-16,0,0.95,0,46187
17-Apr-16,1,0.92,0,466326
18-Apr-16,0,0,0,391
19-Apr-16,0,0.47,0,145914
20-Apr-16,0,1,0,310519
21-Apr-16,0,0.87,0,256085
22-Apr-16,0,1,0,164683
23-Apr-16,0,1,0,171246
24-Apr-16,1,1,0,246518
25-Apr-16,0,1,0,169767
26-Apr-16,0,0.67,0,51173
27-Apr-16,0,1,0,101251
28-Apr-16,0,0.87,0,98200
29-Apr-16,0,1,1,61363
30-Apr-16,0,1,1,14632
1-May-16,1,0.48,1,248
2-May-16,0,0.3,1,49392
3-May-16,0,1,1,217493
4-May-16,0,1,1,93741
5-May-16,0,1,1,89711
6-May-16,0,1,1,121337
7-May-16,0,1,1,176349
8-May-16,1,1,1,131192
9-May-16,0,1,1,108527
10-May-16,0,1,0,94620
11-May-16,0,1,0,94397
12-May-16,0,1,0,87343
13-May-16,0,1,0,68478
14-May-16,0,1,0,161360
15-May-16,1,1,0,90694
16-May-16,0,1,0,95959
17-May-16,0,1,0,67561
18-May-16,0,1,0,9753
19-May-16,0,0,0,216
20-May-16,0,0,0,360
21-May-16,0,0,0,43
22-May-16,1,0,0,97
23-May-16,0,0,0,131
24-May-16,0,0.97,0,12595
25-May-16,0,1,0,59265
26-May-16,0,1,0,66394
27-May-16,0,1,0,95399
28-May-16,0,1,0,117298
29-May-16,1,1,1,108506
30-May-16,0,1,1,117461
31-May-16,0,1,1,112910
1-Jun-16,0,1,1,135624
2-Jun-16,0,1,1,142333
3-Jun-16,0,1,1,88952
4-Jun-16,0,0.82,1,52502
5-Jun-16,1,1,1,105167
6-Jun-16,0,1,1,239263
7-Jun-16,0,1,1,193230
8-Jun-16,0,1,1,123668
9-Jun-16,0,0.8,1,24944
10-Jun-16,0,0.58,0,16685
11-Jun-16,0,1,0,144603
12-Jun-16,1,1,0,158572
13-Jun-16,0,1,0,198452
14-Jun-16,0,1,0,306907
15-Jun-16,0,0.96,0,90622
16-Jun-16,0,1,0,92770
17-Jun-16,0,1,0,95777
18-Jun-16,0,1,0,166545
19-Jun-16,1,1,0,257526
20-Jun-16,0,0.92,0,181695
21-Jun-16,0,0.76,0,157109
22-Jun-16,0,1,0,71861
23-Jun-16,0,0.91,0,51985
24-Jun-16,0,0.87,0,42761
25-Jun-16,0,0.99,0,298321
26-Jun-16,1,0.94,0,149832
27-Jun-16,0,0.98,0,101152
28-Jun-16,0,0.91,0,92826
29-Jun-16,0,1,1,159139
30-Jun-16,0,0.96,1,129427
1-Jul-16,0,1,1,117116
2-Jul-16,0,1,1,138408
3-Jul-16,1,1,1,389108
4-Jul-16,0,0.92,1,255055
5-Jul-16,0,1,1,207892
6-Jul-16,0,0.67,1,123247
7-Jul-16,0,1,1,177134
8-Jul-16,0,0.98,1,149808
9-Jul-16,0,0.93,1,299337
10-Jul-16,1,0.81,0,173722
11-Jul-16,0,0.32,0,178379
12-Jul-16,0,0.55,0,116810
13-Jul-16,0,0.35,0,91818
14-Jul-16,0,1,0,188759
15-Jul-16,0,1,0,204914
16-Jul-16,0,0.97,0,219273
17-Jul-16,1,1,0,335178
18-Jul-16,0,1,0,235735
19-Jul-16,0,0.96,0,148401
20-Jul-16,0,1,0,127230
21-Jul-16,0,1,0,149290
22-Jul-16,0,1,0,171243
23-Jul-16,0,1,0,162019
24-Jul-16,1,1,0,395519
25-Jul-16,0,0.9,0,165121
26-Jul-16,0,0.83,0,140670
27-Jul-16,0,0.77,0,107347
28-Jul-16,0,1,0,161311
29-Jul-16,0,0.97,1,132930
30-Jul-16,0,1,1,284857
31-Jul-16,1,1,1,283267
1-Aug-16,0,1,1,137523
2-Aug-16,0,1,1,125347
3-Aug-16,0,1,1,100771
4-Aug-16,0,1,1,213300
5-Aug-16,0,1,1,103688
6-Aug-16,0,1,1,221776
7-Aug-16,1,1,1,161310
8-Aug-16,0,0.65,1,230498
9-Aug-16,0,0.82,1,201097
10-Aug-16,0,0,0,144
11-Aug-16,0,0.12,0,23
12-Aug-16,0,0.1,0,86
13-Aug-16,0,1,0,255891
14-Aug-16,1,1,0,237499
15-Aug-16,0,1,0,194335
16-Aug-16,0,0.57,0,113812
17-Aug-16,0,0.26,0,44410
18-Aug-16,0,1,0,327249
19-Aug-16,0,1,0,157109
20-Aug-16,0,1,0,154222
21-Aug-16,1,1,0,115069
22-Aug-16,0,0.96,0,157924
23-Aug-16,0,0.83,0,85358
24-Aug-16,0,0.98,0,137713
25-Aug-16,0,1,0,138419
26-Aug-16,0,1,0,128032
27-Aug-16,0,1,0,61806
28-Aug-16,1,1,0,51157
29-Aug-16,0,1,1,50394
30-Aug-16,0,1,1,77903
31-Aug-16,0,0.98,1,147806
1-Jun-15,0,1,1,330575
2-Jun-15,0,1,1,310661
3-Jun-15,0,1,1,178543
4-Jun-15,0,1,1,183661
5-Jun-15,0,1,1,284830
6-Jun-15,0,1,1,121302
7-Jun-15,1,1,1,114482
8-Jun-15,0,1,1,150971
9-Jun-15,0,1,1,213000
10-Jun-15,0,1,0,189056
11-Jun-15,0,1,0,194386
12-Jun-15,0,1,0,139025
13-Jun-15,0,1,0,180726
14-Jun-15,1,1,0,91232
15-Jun-15,0,1,0,192650
16-Jun-15,0,1,0,122295
17-Jun-15,0,1,0,4628
18-Jun-15,0,1,0,118991
19-Jun-15,0,1,0,177911
20-Jun-15,0,1,0,89790
21-Jun-15,1,1,0,74096
22-Jun-15,0,1,0,81543
23-Jun-15,0,0.91,0,103120
24-Jun-15,0,1,0,114004
25-Jun-15,0,1,0,96866
26-Jun-15,0,1,0,221597
27-Jun-15,0,0.96,0,178152
28-Jun-15,1,1,0,160877
29-Jun-15,0,1,1,133113
30-Jun-15,0,1,1,181451
1-Jul-15,0,0.95,1,199236
2-Jul-15,0,1,1,168699
3-Jul-15,0,1,1,184656
4-Jul-15,0,1,1,210428
5-Jul-15,1,1,1,103004
6-Jul-15,0,1,1,149640
7-Jul-15,0,1,1,96080
8-Jul-15,0,1,1,4769
9-Jul-15,0,1,1,145920
10-Jul-15,0,1,0,170900
11-Jul-15,0,1,0,186729
12-Jul-15,1,0,0,783
13-Jul-15,0,1,0,31565
14-Jul-15,0,1,0,192370
15-Jul-15,0,1,0,158568
16-Jul-15,0,1,0,188984
17-Jul-15,0,1,0,205136
18-Jul-15,0,1,0,110374
19-Jul-15,1,1,0,110760
20-Jul-15,0,1,0,159766
21-Jul-15,0,0.92,0,158747
22-Jul-15,0,0.97,0,159088
23-Jul-15,0,1,0,209994
24-Jul-15,0,1,0,236150
25-Jul-15,0,1,0,176831
26-Jul-15,1,1,0,43090
27-Jul-15,0,1,0,257271
28-Jul-15,0,1,0,141048
29-Jul-15,0,1,1,86558
30-Jul-15,0,1,1,80150
31-Jul-15,0,0.97,1,111340
1-Aug-15,0,1,1,154337
2-Aug-15,1,1,1,87164
3-Aug-15,0,1,1,207106
4-Aug-15,0,0.76,1,69705
5-Aug-15,0,0.76,1,85651
6-Aug-15,0,1,1,282617
7-Aug-15,0,1,1,225440
8-Aug-15,0,0.92,1,265950
9-Aug-15,1,1,1,178002
10-Aug-15,0,0.41,0,43170
11-Aug-15,0,0,0,884
12-Aug-15,0,0,0,606
13-Aug-15,0,0.25,0,79032
14-Aug-15,0,1,0,532717
15-Aug-15,0,1,0,394
16-Aug-15,1,1,0,39073
17-Aug-15,0,1,0,135357
18-Aug-15,0,0.91,0,138028
19-Aug-15,0,1,0,142239
20-Aug-15,0,1,0,165497
21-Aug-15,0,1,0,140070
22-Aug-15,0,1,0,146427
23-Aug-15,1,1,0,166774
24-Aug-15,0,1,0,111951
25-Aug-15,0,0.74,0,86659
26-Aug-15,0,0.96,0,192576
27-Aug-15,0,1,0,118305
28-Aug-15,0,1,0,218782
29-Aug-15,0,1,1,91581
30-Aug-15,1,0,1,435
31-Aug-15,0,1,1,162615
1-Sep-15,0,1,1,193504
2-Sep-15,0,1,1,159353
3-Sep-15,0,1,1,139375
4-Sep-15,0,1,1,158836
5-Sep-15,0,1,1,138382
6-Sep-15,1,1,1,86281
7-Sep-15,0,1,1,192070
8-Sep-15,0,1,1,10092
9-Sep-15,0,1,1,267294
10-Sep-15,0,1,0,152299
11-Sep-15,0,1,0,21895
12-Sep-15,0,1,0,150566
13-Sep-15,1,1,0,91743
14-Sep-15,0,0.92,0,58721
15-Sep-15,0,0,0,209
16-Sep-15,0,1,0,5770
17-Sep-15,0,1,0,139845
18-Sep-15,0,1,0,1496
19-Sep-15,0,1,0,1018
20-Sep-15,1,1,0,209839
21-Sep-15,0,1,0,330580
22-Sep-15,0,1,0,150888
23-Sep-15,0,1,0,170485
24-Sep-15,0,1,0,151379
25-Sep-15,0,1,0,67121
26-Sep-15,0,1,0,51958
27-Sep-15,1,1,0,138151
28-Sep-15,0,1,0,263324
29-Sep-15,0,1,1,83035
30-Sep-15,0,1,1,125198
1-Oct-15,0,0.97,1,330462
2-Oct-15,0,1,1,186605
3-Oct-15,0,0.97,1,62625
4-Oct-15,1,1,1,162205
5-Oct-15,0,1,1,226892
6-Oct-15,0,1,1,161274
7-Oct-15,0,1,1,333861
8-Oct-15,0,1,1,189634
9-Oct-15,0,1,1,73472
10-Oct-15,0,0.98,0,120735
11-Oct-15,1,1,0,189246
12-Oct-15,0,1,0,323082
13-Oct-15,0,1,0,86659
14-Oct-15,0,1,0,206380
15-Oct-15,0,1,0,282669
16-Oct-15,0,1,0,269357
17-Oct-15,0,1,0,239898
18-Oct-15,1,1,0,226416
19-Oct-15,0,1,0,125929
20-Oct-15,0,1,0,303397
21-Oct-15,0,1,0,217000
22-Oct-15,0,1,0,181612
23-Oct-15,0,1,0,44331
24-Oct-15,0,1,0,176923
25-Oct-15,1,1,0,40577
26-Oct-15,0,0.98,0,256451
27-Oct-15,0,1,0,263031
28-Oct-15,0,1,0,271239
29-Oct-15,0,1,1,236246
30-Oct-15,0,1,1,180340
31-Oct-15,0,1,1,23376
1-Nov-15,1,1,1,14344
2-Nov-15,0,1,1,180012
3-Nov-15,0,1,1,205595
4-Nov-15,0,1,1,236847
5-Nov-15,0,0.94,1,131425
6-Nov-15,0,1,1,207868
7-Nov-15,0,1,1,320805
8-Nov-15,1,1,1,205725
9-Nov-15,0,1,1,93253
10-Nov-15,0,1,0,305333
11-Nov-15,0,1,0,117439
12-Nov-15,0,1,0,76619
13-Nov-15,0,1,0,104126
14-Nov-15,0,1,0,598
15-Nov-15,1,1,0,77125
16-Nov-15,0,1,0,129365
17-Nov-15,0,1,0,259912
18-Nov-15,0,1,0,36419
19-Nov-15,0,1,0,17538
20-Nov-15,0,1,0,278483
21-Nov-15,0,1,0,232796
22-Nov-15,1,1,0,144147
23-Nov-15,0,1,0,119200
24-Nov-15,0,1,0,83118
25-Nov-15,0,1,0,151624
26-Nov-15,0,1,0,8161
27-Nov-15,0,1,0,184245
28-Nov-15,0,1,0,85845
29-Nov-15,1,1,1,207908
30-Nov-15,0,1,1,145516
1-Dec-15,0,1,1,286486
2-Dec-15,0,1,1,254121
3-Dec-15,0,1,1,156937
4-Dec-15,0,1,1,161878
5-Dec-15,0,1,1,189574
6-Dec-15,1,1,1,110090
7-Dec-15,0,1,1,364456
8-Dec-15,0,1,1,169365
9-Dec-15,0,1,1,246959
10-Dec-15,0,1,0,283846
11-Dec-15,0,1,0,133528
12-Dec-15,0,0,0,959
13-Dec-15,1,0,0,362
14-Dec-15,0,1,0,254139
15-Dec-15,0,1,0,220397
16-Dec-15,0,1,0,119471
17-Dec-15,0,1,0,204302
18-Dec-15,0,1,0,162980
19-Dec-15,0,1,0,169888
20-Dec-15,1,1,0,88241
21-Dec-15,0,1,0,187044
22-Dec-15,0,0.76,0,39958
23-Dec-15,0,1,0,211032
24-Dec-15,0,0.97,0,141736
25-Dec-15,0,1,0,60557
26-Dec-15,0,1,0,145025
27-Dec-15,1,1,0,163411
28-Dec-15,0,1,0,162072
29-Dec-15,0,1,1,193440
30-Dec-15,0,1,1,224265
31-Dec-15,0,1,1,243934
1-Jan-16,0,1,1,174762
2-Jan-16,0,1,1,209314
3-Jan-16,1,1,1,149304
4-Jan-16,0,1,1,241661
5-Jan-16,0,1,1,328506
6-Jan-16,0,1,1,213750
7-Jan-16,0,0.81,1,142799
8-Jan-16,0,1,1,152037
9-Jan-16,0,1,1,352404
10-Jan-16,1,1,0,134897
11-Jan-16,0,0.06,0,9527
12-Jan-16,0,1,0,232739
13-Jan-16,0,1,0,240045
14-Jan-16,0,0.72,0,119109
15-Jan-16,0,0.16,0,769
16-Jan-16,0,1,0,156737
17-Jan-16,1,1,0,127622
18-Jan-16,0,1,0,171849
19-Jan-16,0,1,0,173325
20-Jan-16,0,1,0,235925
21-Jan-16,0,1,0,283947
22-Jan-16,0,1,0,168181
23-Jan-16,0,1,0,193095
24-Jan-16,1,1,0,135412
25-Jan-16,0,0.68,0,76653
26-Jan-16,0,0.86,0,127799
27-Jan-16,0,1,0,247379
28-Jan-16,0,1,0,326345
29-Jan-16,0,0.69,1,210158
30-Jan-16,0,0.37,1,191344
31-Jan-16,1,1,1,204037
1-Feb-16,0,1,1,357600
2-Feb-16,0,0,1,425
3-Feb-16,0,1,1,197058
4-Feb-16,0,1,1,143570
5-Feb-16,0,1,1,140852
6-Feb-16,0,1,1,202461
7-Feb-16,1,1,1,230537
8-Feb-16,0,0.75,1,141500
9-Feb-16,0,0.26,1,121297
10-Feb-16,0,1,0,114323
11-Feb-16,0,1,0,199283
12-Feb-16,0,1,0,173181
13-Feb-16,0,1,0,92715
14-Feb-16,1,0.74,0,77156
15-Feb-16,0,1,0,260623
16-Feb-16,0,0.74,0,171122
17-Feb-16,0,1,0,422048
18-Feb-16,0,1,0,64810
19-Feb-16,0,1,0,164934
20-Feb-16,0,1,0,159417
21-Feb-16,1,1,0,110261
22-Feb-16,0,1,0,262628
23-Feb-16,0,1,0,167502
24-Feb-16,0,1,0,237500
25-Feb-16,0,1,0,179163
26-Feb-16,0,0.55,0,52529
27-Feb-16,0,1,0,138617
28-Feb-16,1,1,0,113884
29-Feb-16,0,1,1,315954
1-Mar-16,0,1,1,214039
2-Mar-16,0,1,1,244875
3-Mar-16,0,1,1,149171
4-Mar-16,0,1,1,194322
5-Mar-16,0,1,1,252964
6-Mar-16,1,0.97,1,166684
7-Mar-16,0,1,1,165852
8-Mar-16,0,1,1,196301
9-Mar-16,0,1,1,260443
10-Mar-16,0,1,0,206881
11-Mar-16,0,1,0,182091
12-Mar-16,0,1,0,127513
13-Mar-16,1,1,0,186050
14-Mar-16,0,1,0,253846
15-Mar-16,0,1,0,67093
16-Mar-16,0,1,0,215251
17-Mar-16,0,1,0,287894
18-Mar-16,0,0.96,0,202112
19-Mar-16,0,1,0,214408
20-Mar-16,1,1,0,296234
21-Mar-16,0,0.74,0,295734
22-Mar-16,0,0,0,982
23-Mar-16,0,0.13,0,14625
24-Mar-16,0,1,0,12564
25-Mar-16,0,1,0,8810
26-Mar-16,0,0.97,0,116006
27-Mar-16,1,0.97,0,42644
28-Mar-16,0,1,0,132043
29-Mar-16,0,1,1,155966
30-Mar-16,0,1,1,144657
31-Mar-16,0,1,1,164905
1-Apr-16,0,0.85,1,144397
2-Apr-16,0,0.19,1,327
3-Apr-16,1,0.44,1,105854
4-Apr-16,0,0.57,1,61176
5-Apr-16,0,0.97,1,200404
6-Apr-16,0,1,1,236401
7-Apr-16,0,1,1,178325
8-Apr-16,0,1,1,230847
9-Apr-16,0,1,1,112366
10-Apr-16,1,0,0,349
11-Apr-16,0,1,0,411353
12-Apr-16,0,0.72,0,84532
13-Apr-16,0,0.44,0,153405
14-Apr-16,0,1,0,115048
15-Apr-16,0,0.84,0,160056
16-Apr-16,0,1,0,7013
17-Apr-16,1,1,0,115494
18-Apr-16,0,1,0,53822
19-Apr-16,0,1,0,53441
20-Apr-16,0,1,0,217567
21-Apr-16,0,1,0,154423
22-Apr-16,0,1,0,94387
23-Apr-16,0,1,0,180681
24-Apr-16,1,0,0,152
25-Apr-16,0,0.71,0,125597
26-Apr-16,0,1,0,167495
27-Apr-16,0,1,0,54214
28-Apr-16,0,1,0,120946
29-Apr-16,0,1,1,98458
30-Apr-16,0,0.97,1,190493
1-May-16,1,1,1,146106
2-May-16,0,1,1,250780
3-May-16,0,1,1,229953
4-May-16,0,1,1,143501
5-May-16,0,1,1,213293
6-May-16,0,1,1,183796
7-May-16,0,0.74,1,139973
8-May-16,1,0.82,1,112230
9-May-16,0,0.54,1,197323
10-May-16,0,0.81,0,187417
11-May-16,0,1,0,235781
12-May-16,0,1,0,111312
13-May-16,0,1,0,112536
14-May-16,0,1,0,171777
15-May-16,1,1,0,190483
16-May-16,0,0.86,0,126796
17-May-16,0,0,0,265
18-May-16,0,0.98,0,185209
19-May-16,0,1,0,200472
20-May-16,0,1,0,133364
21-May-16,0,1,0,150351
22-May-16,1,1,0,165644
23-May-16,0,1,0,105982
24-May-16,0,1,0,140399
25-May-16,0,1,0,166498
26-May-16,0,0.96,0,114965
27-May-16,0,1,0,123982
28-May-16,0,1,0,172812
29-May-16,1,0.98,1,159924
30-May-16,0,1,1,96171
31-May-16,0,1,1,120299
1-Jun-16,0,1,1,237662
2-Jun-16,0,1,1,113611
3-Jun-16,0,0.81,1,225001
4-Jun-16,0,0.27,1,70035
5-Jun-16,1,1,1,94194
6-Jun-16,0,0.9,1,114455
7-Jun-16,0,1,1,136742
8-Jun-16,0,0.97,1,216906
9-Jun-16,0,0,1,277
10-Jun-16,0,0,0,347
11-Jun-16,0,0,0,417
12-Jun-16,1,0,0,575
13-Jun-16,0,0,0,13
14-Jun-16,0,0,0,678
15-Jun-16,0,0,0,186
16-Jun-16,0,0,0,210
17-Jun-16,0,0,0,99
18-Jun-16,0,0.44,0,123756
19-Jun-16,1,1,0,146202
20-Jun-16,0,0.97,0,303248
21-Jun-16,0,1,0,295977
22-Jun-16,0,1,0,315353
23-Jun-16,0,0.98,0,179423
24-Jun-16,0,0.79,0,141479
25-Jun-16,0,0.95,0,181362
26-Jun-16,1,1,0,110727
27-Jun-16,0,0.97,0,139187
28-Jun-16,0,1,0,206957
29-Jun-16,0,1,1,183301
30-Jun-16,0,0.98,1,237988
1-Jul-16,0,1,1,191814
2-Jul-16,0,1,1,227296
3-Jul-16,1,0.95,1,287069
4-Jul-16,0,0.92,1,299651
5-Jul-16,0,0.76,1,331403
6-Jul-16,0,1,1,237732
7-Jul-16,0,1,1,110208
8-Jul-16,0,1,1,133582
9-Jul-16,0,1,1,122125
10-Jul-16,1,1,0,94161
11-Jul-16,0,1,0,281551
12-Jul-16,0,1,0,168070
13-Jul-16,0,0.95,0,128032
14-Jul-16,0,1,0,118811
15-Jul-16,0,1,0,166202
16-Jul-16,0,1,0,188008
17-Jul-16,1,1,0,122091
18-Jul-16,0,0.93,0,150588
19-Jul-16,0,0.97,0,85247
20-Jul-16,0,1,0,45520
21-Jul-16,0,0.98,0,222853
22-Jul-16,0,0.97,0,89525
23-Jul-16,0,1,0,144050
24-Jul-16,1,0.64,0,19675
25-Jul-16,0,1,0,51276
26-Jul-16,0,1,0,132538
27-Jul-16,0,1,0,220603
28-Jul-16,0,1,0,221638
29-Jul-16,0,1,1,122400
30-Jul-16,0,1,1,103986
31-Jul-16,1,1,1,97683
1-Aug-16,0,1,1,169887
2-Aug-16,0,1,1,80102
3-Aug-16,0,1,1,227639
4-Aug-16,0,1,1,101553
5-Aug-16,0,1,1,67067
6-Aug-16,0,1,1,228253
7-Aug-16,1,1,1,324000
8-Aug-16,0,1,1,72418
9-Aug-16,0,0.96,1,144374
10-Aug-16,0,1,0,130736
11-Aug-16,0,1,0,101051
12-Aug-16,0,1,0,93526
13-Aug-16,0,1,0,305952
14-Aug-16,1,1,0,190721
15-Aug-16,0,0.97,0,189733
16-Aug-16,0,1,0,322353
17-Aug-16,0,1,0,288998
18-Aug-16,0,0.13,0,788
19-Aug-16,0,0.59,0,9282
20-Aug-16,0,1,0,77557
21-Aug-16,1,0.94,0,71959
22-Aug-16,0,0.89,0,99508
23-Aug-16,0,0.98,0,86538
24-Aug-16,0,0.98,0,141500
25-Aug-16,0,1,0,70368
26-Aug-16,0,0.93,0,54716
27-Aug-16,0,1,0,281984
28-Aug-16,1,1,0,238494
29-Aug-16,0,1,1,41586
30-Aug-16,0,1,1,213016
31-Aug-16,0,0.96,1,320963
1-Jun-15,0,0.34,1,192830
2-Jun-15,0,0.48,1,154796
3-Jun-15,0,0.89,1,350547
4-Jun-15,0,0.74,1,125235
5-Jun-15,0,0.9,1,267313
6-Jun-15,0,0.91,1,566288
7-Jun-15,1,0.92,1,244077
8-Jun-15,0,0.95,1,303087
9-Jun-15,0,1,1,777943
10-Jun-15,0,0.94,0,550491
11-Jun-15,0,0.82,0,532092
12-Jun-15,0,0.71,0,221443
13-Jun-15,0,0.7,0,138664
14-Jun-15,1,0.93,0,190734
15-Jun-15,0,0.9,0,395151
16-Jun-15,0,0.9,0,299508
17-Jun-15,0,0.98,0,188950
18-Jun-15,0,0.95,0,93333
19-Jun-15,0,0.92,0,126755
20-Jun-15,0,0.92,0,96366
21-Jun-15,1,0.92,0,198324
22-Jun-15,0,0.94,0,119195
23-Jun-15,0,0.91,0,59702
24-Jun-15,0,0.67,0,44296
25-Jun-15,0,0,0,605
26-Jun-15,0,0.25,0,638
27-Jun-15,0,0.81,0,19303
28-Jun-15,1,0.92,0,106745
29-Jun-15,0,1,1,51181
30-Jun-15,0,0.51,1,21606
1-Jul-15,0,0,1,426
2-Jul-15,0,0,1,23
3-Jul-15,0,0.35,1,32831
4-Jul-15,0,0.89,1,75995
5-Jul-15,1,0.79,1,91462
6-Jul-15,0,0,1,486
7-Jul-15,0,0.77,1,297487
8-Jul-15,0,1,1,134552
9-Jul-15,0,0.92,1,176621
10-Jul-15,0,0.96,0,174197
11-Jul-15,0,1,0,201795
12-Jul-15,1,0.8,0,114942
13-Jul-15,0,0.83,0,187464
14-Jul-15,0,1,0,183508
15-Jul-15,0,0.94,0,502006
16-Jul-15,0,0.93,0,191427
17-Jul-15,0,1,0,180597
18-Jul-15,0,1,0,110671
19-Jul-15,1,1,0,160163
20-Jul-15,0,1,0,166942
21-Jul-15,0,1,0,181225
22-Jul-15,0,0.95,0,103311
23-Jul-15,0,0.98,0,74069
24-Jul-15,0,1,0,149149
25-Jul-15,0,1,0,112898
26-Jul-15,1,0.94,0,248707
27-Jul-15,0,0.91,0,186214
28-Jul-15,0,1,0,203344
29-Jul-15,0,0.96,1,93762
30-Jul-15,0,0.95,1,27462
31-Jul-15,0,0.9,1,113764
1-Aug-15,0,0.97,1,326462
2-Aug-15,1,0.82,1,169026
3-Aug-15,0,0.95,1,492149
4-Aug-15,0,0.62,1,123
5-Aug-15,0,0.88,1,209124
6-Aug-15,0,0.97,1,127201
7-Aug-15,0,0.98,1,306031
8-Aug-15,0,0.85,1,96165
9-Aug-15,1,0.63,1,525266
10-Aug-15,0,0,0,948
11-Aug-15,0,0.13,0,49615
12-Aug-15,0,0.17,0,112954
13-Aug-15,0,0.27,0,253754
14-Aug-15,0,0.41,0,151441
15-Aug-15,0,0.52,0,219677
16-Aug-15,1,0.53,0,192935
17-Aug-15,0,0.09,0,29087
18-Aug-15,0,0.24,0,21984
19-Aug-15,0,0.18,0,8676
20-Aug-15,0,0.58,0,274773
21-Aug-15,0,1,0,108350
22-Aug-15,0,0.5,0,35828
23-Aug-15,1,0.12,0,41489
24-Aug-15,0,0.63,0,87231
25-Aug-15,0,1,0,132664
26-Aug-15,0,0.86,0,35979
27-Aug-15,0,0.53,0,42393
28-Aug-15,0,1,0,90651
29-Aug-15,0,0.85,1,167429
30-Aug-15,1,1,1,103805
31-Aug-15,0,0.93,1,59496
1-Sep-15,0,1,1,90295
2-Sep-15,0,0.84,1,176323
3-Sep-15,0,1,1,64547
4-Sep-15,0,0.95,1,112177
5-Sep-15,0,1,1,130866
6-Sep-15,1,0.95,1,308757
7-Sep-15,0,0.79,1,132696
8-Sep-15,0,0.93,1,176928
9-Sep-15,0,0.78,1,126945
10-Sep-15,0,0.82,0,183027
11-Sep-15,0,0.93,0,103489
12-Sep-15,0,0.97,0,185513
13-Sep-15,1,0.96,0,102238
14-Sep-15,0,1,0,101696
15-Sep-15,0,0.85,0,56306
16-Sep-15,0,0.96,0,66111
17-Sep-15,0,0.94,0,95467
18-Sep-15,0,1,0,146013
19-Sep-15,0,0.73,0,70551
20-Sep-15,1,0.82,0,144836
21-Sep-15,0,1,0,129519
22-Sep-15,0,1,0,34618
23-Sep-15,0,1,0,42564
24-Sep-15,0,0.94,0,91646
25-Sep-15,0,1,0,33637
26-Sep-15,0,1,0,96658
27-Sep-15,1,1,0,141767
28-Sep-15,0,0.94,0,79655
29-Sep-15,0,0.86,1,41746
30-Sep-15,0,0.85,1,163809
1-Oct-15,0,0.93,1,106100
2-Oct-15,0,0.97,1,95872
3-Oct-15,0,0.9,1,173982
4-Oct-15,1,0.94,1,478143
5-Oct-15,0,0.82,1,117610
6-Oct-15,0,0.91,1,242219
7-Oct-15,0,0.94,1,118337
8-Oct-15,0,0.77,1,233297
9-Oct-15,0,0.91,1,214090
10-Oct-15,0,0.96,0,125516
11-Oct-15,1,1,0,447889
12-Oct-15,0,0.96,0,289640
13-Oct-15,0,0.64,0,23331
14-Oct-15,0,0.36,0,47634
15-Oct-15,0,0.55,0,119103
16-Oct-15,0,0.92,0,189629
17-Oct-15,0,0.58,0,264817
18-Oct-15,1,1,0,320352
19-Oct-15,0,0.97,0,177968
20-Oct-15,0,0.9,0,252361
21-Oct-15,0,0.64,0,242529
22-Oct-15,0,1,0,208788
23-Oct-15,0,0.97,0,229800
24-Oct-15,0,1,0,226328
25-Oct-15,1,1,0,481791
26-Oct-15,0,1,0,153313
27-Oct-15,0,1,0,353918
28-Oct-15,0,0.95,0,276344
29-Oct-15,0,1,1,158133
30-Oct-15,0,1,1,256653
31-Oct-15,0,0.56,1,137670
1-Nov-15,1,0.71,1,617887
2-Nov-15,0,1,1,533425
3-Nov-15,0,1,1,466445
4-Nov-15,0,1,1,420523
5-Nov-15,0,1,1,201922
6-Nov-15,0,1,1,461604
7-Nov-15,0,1,1,648744
8-Nov-15,1,0.89,1,499934
9-Nov-15,0,1,1,350208
10-Nov-15,0,1,0,378522
11-Nov-15,0,1,0,268059
12-Nov-15,0,1,0,149023
13-Nov-15,0,1,0,302973
14-Nov-15,0,0.96,0,462488
15-Nov-15,1,0.9,0,306344
16-Nov-15,0,0.98,0,203530
17-Nov-15,0,0.91,0,157757
18-Nov-15,0,1,0,304486
19-Nov-15,0,1,0,377135
20-Nov-15,0,0.97,0,407735
21-Nov-15,0,0,0,663
22-Nov-15,1,0,0,329
23-Nov-15,0,0,0,904
24-Nov-15,0,0,0,172
25-Nov-15,0,0,0,152
26-Nov-15,0,0,0,550
27-Nov-15,0,1,0,301276
28-Nov-15,0,1,0,271746
29-Nov-15,1,1,1,333891
30-Nov-15,0,0,1,82
1-Dec-15,0,1,1,147685
2-Dec-15,0,1,1,253660
3-Dec-15,0,1,1,315105
4-Dec-15,0,1,1,147610
5-Dec-15,0,0,1,629
6-Dec-15,1,0,1,837
7-Dec-15,0,0,1,796
8-Dec-15,0,0.48,1,102
9-Dec-15,0,0.36,1,144
10-Dec-15,0,0,0,482
11-Dec-15,0,0,0,569
12-Dec-15,0,0.26,0,107549
13-Dec-15,1,0.49,0,586481
14-Dec-15,0,0.48,0,445246
15-Dec-15,0,0.48,0,289796
16-Dec-15,0,1,0,293067
17-Dec-15,0,0.59,0,170988
18-Dec-15,0,0.4,0,68735
19-Dec-15,0,1,0,230915
20-Dec-15,1,0.96,0,348253
21-Dec-15,0,1,0,256942
22-Dec-15,0,0.88,0,108354
23-Dec-15,0,1,0,184743
24-Dec-15,0,1,0,331621
25-Dec-15,0,1,0,220345
26-Dec-15,0,1,0,138621
27-Dec-15,1,1,0,265594
28-Dec-15,0,1,0,87038
29-Dec-15,0,1,1,236269
30-Dec-15,0,1,1,243316
31-Dec-15,0,1,1,294129
1-Jan-16,0,1,1,443911
2-Jan-16,0,1,1,342928
3-Jan-16,1,1,1,291753
4-Jan-16,0,1,1,316059
5-Jan-16,0,1,1,142119
6-Jan-16,0,1,1,292277
7-Jan-16,0,1,1,109991
8-Jan-16,0,1,1,179952
9-Jan-16,0,1,1,662938
10-Jan-16,1,0,0,558
11-Jan-16,0,1,0,470851
12-Jan-16,0,1,0,742280
13-Jan-16,0,1,0,520297
14-Jan-16,0,1,0,219376
15-Jan-16,0,1,0,271296
16-Jan-16,0,1,0,410602
17-Jan-16,1,1,0,427919
18-Jan-16,0,1,0,316491
19-Jan-16,0,0.94,0,199728
20-Jan-16,0,1,0,307940
21-Jan-16,0,1,0,503245
22-Jan-16,0,0.37,0,9887
23-Jan-16,0,0,0,287
24-Jan-16,1,0.37,0,29544
25-Jan-16,0,1,0,33585
26-Jan-16,0,1,0,155015
27-Jan-16,0,1,0,98576
28-Jan-16,0,0.97,0,259404
29-Jan-16,0,1,1,258259
30-Jan-16,0,1,1,179344
31-Jan-16,1,1,1,280519
1-Feb-16,0,1,1,287302
2-Feb-16,0,1,1,169753
3-Feb-16,0,1,1,159038
4-Feb-16,0,1,1,478465
5-Feb-16,0,1,1,264477
6-Feb-16,0,1,1,485634
7-Feb-16,1,1,1,566081
8-Feb-16,0,0.62,1,113628
9-Feb-16,0,0.26,1,223245
10-Feb-16,0,1,0,277415
11-Feb-16,0,1,0,325363
12-Feb-16,0,1,0,352819
13-Feb-16,0,1,0,199311
14-Feb-16,1,0.38,0,391127
15-Feb-16,0,1,0,298966
16-Feb-16,0,0.38,0,451419
17-Feb-16,0,1,0,349140
18-Feb-16,0,1,0,303460
19-Feb-16,0,1,0,284246
20-Feb-16,0,0.43,0,189694
21-Feb-16,1,1,0,388610
22-Feb-16,0,1,0,120688
23-Feb-16,0,1,0,236626
24-Feb-16,0,1,0,176762
25-Feb-16,0,1,0,236563
26-Feb-16,0,0.91,0,179575
27-Feb-16,0,1,0,194954
28-Feb-16,1,1,0,298364
29-Feb-16,0,1,1,470742
1-Mar-16,0,1,1,452813
2-Mar-16,0,1,1,449460
3-Mar-16,0,1,1,350945
4-Mar-16,0,1,1,326889
5-Mar-16,0,1,1,447720
6-Mar-16,1,1,1,498439
7-Mar-16,0,1,1,451341
8-Mar-16,0,1,1,384153
9-Mar-16,0,0.88,1,276983
10-Mar-16,0,0.52,0,220567
11-Mar-16,0,0.94,0,215570
12-Mar-16,0,1,0,243548
13-Mar-16,1,0.9,0,353696
14-Mar-16,0,0.37,0,143578
15-Mar-16,0,0.21,0,735
16-Mar-16,0,0.52,0,267330
17-Mar-16,0,1,0,500359
18-Mar-16,0,0.61,0,154025
19-Mar-16,0,1,0,246325
20-Mar-16,1,1,0,314377
21-Mar-16,0,1,0,484723
22-Mar-16,0,0.93,0,276663
23-Mar-16,0,1,0,128451
24-Mar-16,0,1,0,60611
25-Mar-16,0,1,0,217745
26-Mar-16,0,1,0,280821
27-Mar-16,1,0.79,0,426322
28-Mar-16,0,0.74,0,87012
29-Mar-16,0,0.64,1,216600
30-Mar-16,0,1,1,123088
31-Mar-16,0,0.87,1,274823
1-Apr-16,0,1,1,181154
2-Apr-16,0,0.82,1,185360
3-Apr-16,1,1,1,231133
4-Apr-16,0,1,1,259608
5-Apr-16,0,1,1,88278
6-Apr-16,0,1,1,281619
7-Apr-16,0,1,1,480382
8-Apr-16,0,1,1,324156
9-Apr-16,0,1,1,337771
10-Apr-16,1,1,0,498113
11-Apr-16,0,0.97,0,208418
12-Apr-16,0,1,0,488264
13-Apr-16,0,0.65,0,365705
14-Apr-16,0,0.23,0,69
15-Apr-16,0,0,0,891
16-Apr-16,0,0,0,462
17-Apr-16,1,0,0,270
18-Apr-16,0,0,0,985
19-Apr-16,0,0.27,0,79600
20-Apr-16,0,1,0,54881
21-Apr-16,0,1,0,138970
22-Apr-16,0,1,0,33539
23-Apr-16,0,1,0,18275
24-Apr-16,1,1,0,104071
25-Apr-16,0,0.84,0,65540
26-Apr-16,0,0.55,0,99284
27-Apr-16,0,1,0,16301
28-Apr-16,0,1,0,128745
29-Apr-16,0,0.75,1,101829
30-Apr-16,0,0.41,1,77824
1-May-16,1,1,1,334665
2-May-16,0,0.31,1,35100
3-May-16,0,0.06,1,473
4-May-16,0,0.47,1,130440
5-May-16,0,1,1,173109
6-May-16,0,1,1,144511
7-May-16,0,0.85,1,73384
8-May-16,1,0,1,207
9-May-16,0,1,1,294494
10-May-16,0,1,0,281903
11-May-16,0,1,0,235823
12-May-16,0,1,0,227741
13-May-16,0,1,0,292705
14-May-16,0,1,0,266496
15-May-16,1,1,0,298481
16-May-16,0,0.48,0,176917
17-May-16,0,1,0,240241
18-May-16,0,1,0,150800
19-May-16,0,1,0,181792
20-May-16,0,1,0,317111
21-May-16,0,1,0,87687
22-May-16,1,0.75,0,72533
23-May-16,0,0.36,0,117532
24-May-16,0,0.42,0,66746
25-May-16,0,1,0,135086
26-May-16,0,0.3,0,558
27-May-16,0,0.49,0,95487
28-May-16,0,1,0,191920
29-May-16,1,1,1,226411
30-May-16,0,1,1,192494
31-May-16,0,0.98,1,323420
1-Jun-16,0,0.54,1,35381
2-Jun-16,0,0.51,1,254200
3-Jun-16,0,1,1,193009
4-Jun-16,0,0.69,1,199240
5-Jun-16,1,1,1,256657
6-Jun-16,0,1,1,215047
7-Jun-16,0,0.26,1,137891
8-Jun-16,0,0.9,1,296577
9-Jun-16,0,1,1,5779
10-Jun-16,0,0.37,0,132618
11-Jun-16,0,0.42,0,151757
12-Jun-16,1,0.13,0,107956
13-Jun-16,0,0.33,0,46216
14-Jun-16,0,0.98,0,108817
15-Jun-16,0,1,0,333147
16-Jun-16,0,0.5,0,5822
17-Jun-16,0,0.52,0,349868
18-Jun-16,0,0.52,0,203838
19-Jun-16,1,0.84,0,356571
20-Jun-16,0,0.16,0,52605
21-Jun-16,0,0.37,0,54943
22-Jun-16,0,0.49,0,114979
23-Jun-16,0,1,0,141414
24-Jun-16,0,0.9,0,296814
25-Jun-16,0,0.49,0,19371
26-Jun-16,1,1,0,209898
27-Jun-16,0,1,0,324644
28-Jun-16,0,0.27,0,3617
29-Jun-16,0,0,1,813
30-Jun-16,0,0.46,1,107105
1-Jul-16,0,0.77,1,225299
2-Jul-16,0,0.95,1,284258
3-Jul-16,1,0.48,1,308697
4-Jul-16,0,1,1,245467
5-Jul-16,0,1,1,255044
6-Jul-16,0,1,1,347181
7-Jul-16,0,0.59,1,146805
8-Jul-16,0,1,1,258127
9-Jul-16,0,1,1,175104
10-Jul-16,1,0.56,0,487416
11-Jul-16,0,0.36,0,503581
12-Jul-16,0,1,0,216209
13-Jul-16,0,1,0,503068
14-Jul-16,0,1,0,297407
15-Jul-16,0,1,0,228718
16-Jul-16,0,1,0,280761
17-Jul-16,1,1,0,270314
18-Jul-16,0,1,0,315051
19-Jul-16,0,0.62,0,302154
20-Jul-16,0,0.31,0,111596
21-Jul-16,0,1,0,157547
22-Jul-16,0,1,0,336533
23-Jul-16,0,1,0,239172
24-Jul-16,1,1,0,521607
25-Jul-16,0,0.96,0,349605
26-Jul-16,0,0.56,0,295251
27-Jul-16,0,1,0,178812
28-Jul-16,0,1,0,137702
29-Jul-16,0,0.92,1,336342
30-Jul-16,0,1,1,345333
31-Jul-16,1,1,1,410137
1-Aug-16,0,1,1,341972
2-Aug-16,0,1,1,565470
3-Aug-16,0,1,1,381290
4-Aug-16,0,1,1,359321
5-Aug-16,0,0.61,1,162004
6-Aug-16,0,0.49,1,250491
7-Aug-16,1,0.17,1,195531
8-Aug-16,0,0.69,1,878699
9-Aug-16,0,1,1,390333
10-Aug-16,0,1,0,131301
11-Aug-16,0,1,0,57975
12-Aug-16,0,0.96,0,130795
13-Aug-16,0,0.75,0,50852
14-Aug-16,1,1,0,160379
15-Aug-16,0,1,0,78443
16-Aug-16,0,1,0,888
17-Aug-16,0,1,0,10553
18-Aug-16,0,0.13,0,68
19-Aug-16,0,0.84,0,262182
20-Aug-16,0,0.59,0,303110
21-Aug-16,1,0.01,0,910
22-Aug-16,0,0.56,0,179116
23-Aug-16,0,1,0,258233
24-Aug-16,0,0.85,0,373480
25-Aug-16,0,0,0,913
26-Aug-16,0,1,0,158384
27-Aug-16,0,1,0,128574
28-Aug-16,1,0.73,0,7738
29-Aug-16,0,0.57,1,74120
30-Aug-16,0,1,1,139743
31-Aug-16,0,0.76,1,432396
1-Jun-15,0,1,1,107357
2-Jun-15,0,1,1,101673
3-Jun-15,0,1,1,140377
4-Jun-15,0,0.33,1,539
5-Jun-15,0,0.2,1,15504
6-Jun-15,0,1,1,72255
7-Jun-15,1,1,1,74914
8-Jun-15,0,1,1,124110
9-Jun-15,0,1,1,76922
10-Jun-15,0,1,0,134852
11-Jun-15,0,1,0,67826
12-Jun-15,0,1,0,42122
13-Jun-15,0,1,0,25943
14-Jun-15,1,1,0,63051
15-Jun-15,0,1,0,51427
16-Jun-15,0,1,0,52835
17-Jun-15,0,1,0,52231
18-Jun-15,0,1,0,59628
19-Jun-15,0,0.97,0,54821
20-Jun-15,0,0.89,0,66303
21-Jun-15,1,0.93,0,31906
22-Jun-15,0,1,0,64914
23-Jun-15,0,1,0,56124
24-Jun-15,0,0.96,0,58079
25-Jun-15,0,1,0,57222
26-Jun-15,0,1,0,105990
27-Jun-15,0,0.94,0,86579
28-Jun-15,1,1,0,65479
29-Jun-15,0,1,1,107542
30-Jun-15,0,1,1,62584
1-Jul-15,0,1,1,148559
2-Jul-15,0,1,1,80868
3-Jul-15,0,1,1,130539
4-Jul-15,0,1,1,121476
5-Jul-15,1,1,1,140376
6-Jul-15,0,0.98,1,134440
7-Jul-15,0,0.96,1,114334
8-Jul-15,0,1,1,150101
9-Jul-15,0,0.43,1,806
10-Jul-15,0,0.29,0,86853
11-Jul-15,0,1,0,108901
12-Jul-15,1,1,0,163551
13-Jul-15,0,1,0,115635
14-Jul-15,0,1,0,151986
15-Jul-15,0,0.94,0,43922
16-Jul-15,0,0.42,0,139
17-Jul-15,0,0,0,430
18-Jul-15,0,0.33,0,26409
19-Jul-15,1,1,0,128536
20-Jul-15,0,1,0,60751
21-Jul-15,0,1,0,104947
22-Jul-15,0,0.98,0,101318
23-Jul-15,0,0.97,0,160618
24-Jul-15,0,1,0,87029
25-Jul-15,0,1,0,110813
26-Jul-15,1,1,0,72501
27-Jul-15,0,1,0,204015
28-Jul-15,0,0.97,0,28544
29-Jul-15,0,1,1,93812
30-Jul-15,0,1,1,172035
31-Jul-15,0,1,1,195439
1-Aug-15,0,1,1,184765
2-Aug-15,1,0.93,1,229313
3-Aug-15,0,1,1,254525
4-Aug-15,0,0.91,1,248953
5-Aug-15,0,0.92,1,296251
6-Aug-15,0,1,1,184244
7-Aug-15,0,0.41,1,148361
8-Aug-15,0,1,1,95528
9-Aug-15,1,0.98,1,102728
10-Aug-15,0,0.69,0,78533
11-Aug-15,0,0.81,0,69023
12-Aug-15,0,0.1,0,742
13-Aug-15,0,1,0,137800
14-Aug-15,0,0.82,0,110529
15-Aug-15,0,0,0,421
16-Aug-15,1,0.49,0,169505
17-Aug-15,0,1,0,172904
18-Aug-15,0,0.9,0,158571
19-Aug-15,0,0.94,0,81312
20-Aug-15,0,0.03,0,119
21-Aug-15,0,0,0,911
22-Aug-15,0,0,0,62
23-Aug-15,1,0.02,0,337
24-Aug-15,0,0.26,0,71003
25-Aug-15,0,0.98,0,101612
26-Aug-15,0,0.91,0,74965
27-Aug-15,0,1,0,97856
28-Aug-15,0,0.96,0,108030
29-Aug-15,0,1,1,58872
30-Aug-15,1,1,1,110673
31-Aug-15,0,1,1,134718
1-Sep-15,0,0.95,1,107627
2-Sep-15,0,0.95,1,179485
3-Sep-15,0,0,1,844
4-Sep-15,0,0.74,1,190727
5-Sep-15,0,1,1,114968
6-Sep-15,1,1,1,138049
7-Sep-15,0,0.98,1,282697
8-Sep-15,0,0.98,1,325718
9-Sep-15,0,0.95,1,204306
10-Sep-15,0,1,0,381041
11-Sep-15,0,1,0,257776
12-Sep-15,0,0.9,0,99669
13-Sep-15,1,0.24,0,15100
14-Sep-15,0,0,0,740
15-Sep-15,0,0.3,0,272186
16-Sep-15,0,0.98,0,340078
17-Sep-15,0,0.97,0,249598
18-Sep-15,0,1,0,213566
19-Sep-15,0,1,0,133436
20-Sep-15,1,1,0,174963
21-Sep-15,0,0.9,0,243596
22-Sep-15,0,0.5,0,214032
23-Sep-15,0,0.93,0,272946
24-Sep-15,0,1,0,182076
25-Sep-15,0,0.76,0,133090
26-Sep-15,0,0,0,990
27-Sep-15,1,0.17,0,50356
28-Sep-15,0,0.43,0,143775
29-Sep-15,0,0.45,1,55679
30-Sep-15,0,0.28,1,62347
1-Oct-15,0,0.45,1,20274
2-Oct-15,0,0.07,1,181
3-Oct-15,0,0,1,884
4-Oct-15,1,0,1,268
5-Oct-15,0,0.38,1,165
6-Oct-15,0,0,1,368
7-Oct-15,0,0.31,1,2879
8-Oct-15,0,0.36,1,784
9-Oct-15,0,0.96,1,3015
10-Oct-15,0,0,0,633
11-Oct-15,1,0.69,0,8734
12-Oct-15,0,1,0,149647
13-Oct-15,0,0.65,0,96443
14-Oct-15,0,0.96,0,137903
15-Oct-15,0,0.96,0,90178
16-Oct-15,0,0.95,0,56536
17-Oct-15,0,0.82,0,119821
18-Oct-15,1,0,0,329
19-Oct-15,0,0.22,0,2268
20-Oct-15,0,0.99,0,99904
21-Oct-15,0,0,0,15
22-Oct-15,0,0.48,0,34192
23-Oct-15,0,1,0,97223
24-Oct-15,0,0.85,0,37043
25-Oct-15,1,1,0,74980
26-Oct-15,0,0.84,0,97379
27-Oct-15,0,0,0,457
28-Oct-15,0,0.16,0,7367
29-Oct-15,0,0.84,1,23260
30-Oct-15,0,1,1,103692
31-Oct-15,0,0.34,1,5420
1-Nov-15,1,0,1,280
2-Nov-15,0,0.58,1,136253
3-Nov-15,0,1,1,99916
4-Nov-15,0,1,1,212311
5-Nov-15,0,1,1,62479
6-Nov-15,0,1,1,219063
7-Nov-15,0,1,1,137663
8-Nov-15,1,1,1,164088
9-Nov-15,0,0.97,1,126218
10-Nov-15,0,1,0,72953
11-Nov-15,0,1,0,25756
12-Nov-15,0,1,0,3532
13-Nov-15,0,1,0,9557
14-Nov-15,0,1,0,46525
15-Nov-15,1,1,0,25762
16-Nov-15,0,1,0,69811
17-Nov-15,0,1,0,88171
18-Nov-15,0,1,0,109329
19-Nov-15,0,1,0,106273
20-Nov-15,0,1,0,90223
21-Nov-15,0,0.98,0,97806
22-Nov-15,1,1,0,91815
23-Nov-15,0,1,0,142285
24-Nov-15,0,1,0,215792
25-Nov-15,0,1,0,109056
26-Nov-15,0,1,0,74157
27-Nov-15,0,0.97,0,67733
28-Nov-15,0,1,0,108093
29-Nov-15,1,1,1,81195
30-Nov-15,0,1,1,109261
1-Dec-15,0,1,1,74770
2-Dec-15,0,1,1,145610
3-Dec-15,0,1,1,166230
4-Dec-15,0,1,1,155466
5-Dec-15,0,0.96,1,118876
6-Dec-15,1,1,1,98928
7-Dec-15,0,1,1,122279
8-Dec-15,0,0.26,1,133
9-Dec-15,0,0.41,1,54051
10-Dec-15,0,1,0,88466
11-Dec-15,0,1,0,98302
12-Dec-15,0,1,0,119263
13-Dec-15,1,1,0,102959
14-Dec-15,0,0.74,0,87425
15-Dec-15,0,0.48,0,102026
16-Dec-15,0,1,0,177316
17-Dec-15,0,1,0,86007
18-Dec-15,0,1,0,138208
19-Dec-15,0,1,0,111982
20-Dec-15,1,1,0,68632
21-Dec-15,0,1,0,120076
22-Dec-15,0,0.82,0,62103
23-Dec-15,0,0.37,0,56821
24-Dec-15,0,1,0,102508
25-Dec-15,0,1,0,53880
26-Dec-15,0,0.58,0,44856
27-Dec-15,1,0,0,847
28-Dec-15,0,0.1,0,71740
29-Dec-15,0,0,1,658
30-Dec-15,0,0,1,226
31-Dec-15,0,0,1,512
1-Jan-16,0,0.09,1,245
2-Jan-16,0,1,1,119748
3-Jan-16,1,1,1,110583
4-Jan-16,0,1,1,112997
5-Jan-16,0,1,1,76229
6-Jan-16,0,1,1,157278
7-Jan-16,0,0.97,1,95165
8-Jan-16,0,0.93,1,56088
9-Jan-16,0,0.36,1,685
10-Jan-16,1,0,0,467
11-Jan-16,0,0.39,0,111339
12-Jan-16,0,0.9,0,124173
13-Jan-16,0,0.9,0,82227
14-Jan-16,0,0.39,0,51798
15-Jan-16,0,1,0,70966
16-Jan-16,0,1,0,64198
17-Jan-16,1,1,0,60270
18-Jan-16,0,1,0,53386
19-Jan-16,0,1,0,48681
20-Jan-16,0,1,0,51687
21-Jan-16,0,1,0,60190
22-Jan-16,0,1,0,232756
23-Jan-16,0,1,0,104977
24-Jan-16,1,1,0,155897
25-Jan-16,0,1,0,93301
26-Jan-16,0,1,0,85375
27-Jan-16,0,1,0,113510
28-Jan-16,0,1,0,69996
29-Jan-16,0,1,1,80436
30-Jan-16,0,1,1,84942
31-Jan-16,1,1,1,82657
1-Feb-16,0,1,1,82139
2-Feb-16,0,1,1,120996
3-Feb-16,0,1,1,127455
4-Feb-16,0,1,1,152611
5-Feb-16,0,1,1,157023
6-Feb-16,0,1,1,138694
7-Feb-16,1,1,1,91647
8-Feb-16,0,1,1,237838
9-Feb-16,0,0.7,1,63012
10-Feb-16,0,0.67,0,166588
11-Feb-16,0,1,0,118725
12-Feb-16,0,1,0,143703
13-Feb-16,0,1,0,84641
14-Feb-16,1,1,0,60973
15-Feb-16,0,1,0,194663
16-Feb-16,0,1,0,157209
17-Feb-16,0,1,0,109547
18-Feb-16,0,1,0,96965
19-Feb-16,0,1,0,125292
20-Feb-16,0,0.98,0,76036
21-Feb-16,1,1,0,93408
22-Feb-16,0,1,0,133219
23-Feb-16,0,0.84,0,51718
24-Feb-16,0,1,0,142667
25-Feb-16,0,0.92,0,98645
26-Feb-16,0,1,0,70383
27-Feb-16,0,1,0,70477
28-Feb-16,1,1,0,38384
29-Feb-16,0,1,1,100731
1-Mar-16,0,1,1,167536
2-Mar-16,0,1,1,146890
3-Mar-16,0,1,1,130008
4-Mar-16,0,1,1,220712
5-Mar-16,0,1,1,112767
6-Mar-16,1,1,1,132966
7-Mar-16,0,0.67,1,85921
8-Mar-16,0,1,1,165806
9-Mar-16,0,1,1,94753
10-Mar-16,0,1,0,138869
11-Mar-16,0,1,0,82188
12-Mar-16,0,1,0,106668
13-Mar-16,1,1,0,51068
14-Mar-16,0,0.84,0,286354
15-Mar-16,0,1,0,174079
16-Mar-16,0,1,0,256394
17-Mar-16,0,0.93,0,250320
18-Mar-16,0,0.9,0,63372
19-Mar-16,0,0.91,0,139511
20-Mar-16,1,1,0,117289
21-Mar-16,0,1,0,168045
22-Mar-16,0,1,0,124576
23-Mar-16,0,1,0,11469
24-Mar-16,0,1,0,8773
25-Mar-16,0,1,0,61184
26-Mar-16,0,1,0,62366
27-Mar-16,1,1,0,66336
28-Mar-16,0,1,0,57516
29-Mar-16,0,0.96,1,219233
30-Mar-16,0,0.97,1,99751
31-Mar-16,0,0.94,1,117254
1-Apr-16,0,1,1,124318
2-Apr-16,0,0.9,1,318083
3-Apr-16,1,1,1,105262
4-Apr-16,0,1,1,173393
5-Apr-16,0,0.94,1,101351
6-Apr-16,0,1,1,211431
7-Apr-16,0,1,1,109862
8-Apr-16,0,0.96,1,140690
9-Apr-16,0,0.97,1,105722
10-Apr-16,1,1,0,172485
11-Apr-16,0,1,0,172832
12-Apr-16,0,0.97,0,157023
13-Apr-16,0,0.86,0,98507
14-Apr-16,0,0.96,0,150254
15-Apr-16,0,1,0,132208
16-Apr-16,0,0.92,0,144489
17-Apr-16,1,1,0,89260
18-Apr-16,0,1,0,128242
19-Apr-16,0,0.96,0,65560
20-Apr-16,0,0.97,0,180065
21-Apr-16,0,0.88,0,95854
22-Apr-16,0,1,0,141437
23-Apr-16,0,1,0,62845
24-Apr-16,1,0,0,557
25-Apr-16,0,0.8,0,37325
26-Apr-16,0,0.89,0,99736
27-Apr-16,0,0.81,0,94871
28-Apr-16,0,0.92,0,146710
29-Apr-16,0,0.96,1,177647
30-Apr-16,0,1,1,154364
1-May-16,1,1,1,188117
2-May-16,0,0.93,1,217998
3-May-16,0,0.92,1,203501
4-May-16,0,0.95,1,149789
5-May-16,0,1,1,161968
6-May-16,0,0.81,1,99213
7-May-16,0,0.94,1,129211
8-May-16,1,1,1,133082
9-May-16,0,0.87,1,85148
10-May-16,0,0.97,0,196959
11-May-16,0,0.9,0,104167
12-May-16,0,0.81,0,17599
13-May-16,0,0.37,0,163183
14-May-16,0,0.95,0,56792
15-May-16,1,0.97,0,64031
16-May-16,0,0.92,0,164703
17-May-16,0,0.92,0,51780
18-May-16,0,0.97,0,102219
19-May-16,0,1,0,71152
20-May-16,0,0.77,0,120592
21-May-16,0,0.96,0,56932
22-May-16,1,0.98,0,140086
23-May-16,0,0.9,0,120483
24-May-16,0,0.32,0,122265
25-May-16,0,0.93,0,4275
26-May-16,0,0,0,95
27-May-16,0,1,0,13948
28-May-16,0,1,0,135542
29-May-16,1,1,1,170451
30-May-16,0,1,1,341101
31-May-16,0,1,1,86170
1-Jun-16,0,1,1,116478
2-Jun-16,0,1,1,142488
3-Jun-16,0,1,1,135139
4-Jun-16,0,1,1,210719
5-Jun-16,1,1,1,199240
6-Jun-16,0,1,1,99488
7-Jun-16,0,1,1,92707
8-Jun-16,0,1,1,243423
9-Jun-16,0,1,1,16685
10-Jun-16,0,0,0,67
11-Jun-16,0,0,0,414
12-Jun-16,1,0,0,226
13-Jun-16,0,0,0,616
14-Jun-16,0,0,0,480
15-Jun-16,0,0,0,395
16-Jun-16,0,0,0,794
17-Jun-16,0,0,0,365
18-Jun-16,0,0,0,72
19-Jun-16,1,0,0,556
20-Jun-16,0,0,0,780
21-Jun-16,0,0,0,995
22-Jun-16,0,0,0,157
23-Jun-16,0,0,0,672
24-Jun-16,0,1,0,3757
25-Jun-16,0,0,0,701
26-Jun-16,1,0,0,646
27-Jun-16,0,0,0,529
28-Jun-16,0,1,0,288719
29-Jun-16,0,0,1,590
30-Jun-16,0,1,1,112347
1-Jul-16,0,1,1,67911
2-Jul-16,0,1,1,69067
3-Jul-16,1,0,1,454
4-Jul-16,0,1,1,64657
5-Jul-16,0,0,1,150
6-Jul-16,0,1,1,116033
7-Jul-16,0,1,1,41178
8-Jul-16,0,1,1,175342
9-Jul-16,0,1,1,162270
10-Jul-16,1,1,0,227858
11-Jul-16,0,1,0,61869
12-Jul-16,0,0,0,678
13-Jul-16,0,0,0,42
14-Jul-16,0,1,0,88675
15-Jul-16,0,1,0,213429
16-Jul-16,0,0,0,614
17-Jul-16,1,0,0,92
18-Jul-16,0,1,0,166878
19-Jul-16,0,1,0,166160
20-Jul-16,0,1,0,57803
21-Jul-16,0,1,0,216384
22-Jul-16,0,1,0,317163
23-Jul-16,0,1,0,217137
24-Jul-16,1,1,0,122650
25-Jul-16,0,0.92,0,280747
26-Jul-16,0,1,0,149232
27-Jul-16,0,1,0,189858
28-Jul-16,0,1,0,62611
29-Jul-16,0,1,1,127903
30-Jul-16,0,1,1,139813
31-Jul-16,1,1,1,286737
1-Aug-16,0,1,1,97104
2-Aug-16,0,1,1,147459
3-Aug-16,0,1,1,148280
4-Aug-16,0,0.51,1,108055
5-Aug-16,0,1,1,152160
6-Aug-16,0,1,1,82579
7-Aug-16,1,1,1,112387
8-Aug-16,0,1,1,98734
9-Aug-16,0,0.94,1,90258
10-Aug-16,0,0,0,682
11-Aug-16,0,1,0,13779
12-Aug-16,0,1,0,142113
13-Aug-16,0,1,0,74086
14-Aug-16,1,1,0,87967
15-Aug-16,0,1,0,238843
16-Aug-16,0,0.96,0,86346
17-Aug-16,0,1,0,127615
18-Aug-16,0,1,0,57230
19-Aug-16,0,1,0,23877
20-Aug-16,0,1,0,60818
21-Aug-16,1,1,0,66415
22-Aug-16,0,1,0,139259
23-Aug-16,0,1,0,53438
24-Aug-16,0,1,0,162809
25-Aug-16,0,1,0,175303
26-Aug-16,0,1,0,69806
27-Aug-16,0,0,0,444
28-Aug-16,1,1,0,94265
29-Aug-16,0,0.69,1,161393
30-Aug-16,0,0.5,1,151261
31-Aug-16,0,1,1,154265
1-Jun-15,0,0,1,881
2-Jun-15,0,0.44,1,479
3-Jun-15,0,0,1,504
4-Jun-15,0,0,1,618
5-Jun-15,0,0,1,580
6-Jun-15,0,0,1,79
7-Jun-15,1,0,1,491
8-Jun-15,0,0,1,573
9-Jun-15,0,1,1,48378
10-Jun-15,0,1,0,62986
11-Jun-15,0,1,0,53911
12-Jun-15,0,1,0,79876
13-Jun-15,0,0.63,0,54853
14-Jun-15,1,0.38,0,7397
15-Jun-15,0,0.51,0,8743
16-Jun-15,0,0.49,0,1609
17-Jun-15,0,1,0,57092
18-Jun-15,0,1,0,106163
19-Jun-15,0,1,0,48958
20-Jun-15,0,0.49,0,11148
21-Jun-15,1,0.24,0,34361
22-Jun-15,0,1,0,84311
23-Jun-15,0,1,0,98739
24-Jun-15,0,1,0,56527
25-Jun-15,0,1,0,50097
26-Jun-15,0,1,0,40444
27-Jun-15,0,1,0,33165
28-Jun-15,1,1,0,60431
29-Jun-15,0,0.95,1,24883
30-Jun-15,0,1,1,51795
1-Jul-15,0,1,1,127491
2-Jul-15,0,0.93,1,58426
3-Jul-15,0,1,1,83468
4-Jul-15,0,0,1,966
5-Jul-15,1,0,1,671
6-Jul-15,0,0,1,231
7-Jul-15,0,0,1,861
8-Jul-15,0,0,1,651
9-Jul-15,0,0,1,184
10-Jul-15,0,0.46,0,108743
11-Jul-15,0,0.95,0,98373
12-Jul-15,1,1,0,83603
13-Jul-15,0,0.75,0,90235
14-Jul-15,0,1,0,30717
15-Jul-15,0,0.96,0,40055
16-Jul-15,0,0.95,0,68302
17-Jul-15,0,0.89,0,33955
18-Jul-15,0,0.93,0,6947
19-Jul-15,1,1,0,68699
20-Jul-15,0,1,0,59737
21-Jul-15,0,1,0,53571
22-Jul-15,0,1,0,9229
23-Jul-15,0,1,0,29490
24-Jul-15,0,0.95,0,49907
25-Jul-15,0,1,0,22949
26-Jul-15,1,0.92,0,20737
27-Jul-15,0,1,0,10943
28-Jul-15,0,0,0,319
29-Jul-15,0,0,1,672
30-Jul-15,0,0,1,794
31-Jul-15,0,0.52,1,28141
1-Aug-15,0,1,1,161019
2-Aug-15,1,0.84,1,76804
3-Aug-15,0,0.93,1,61403
4-Aug-15,0,0.97,1,100874
5-Aug-15,0,1,1,158318
6-Aug-15,0,0.98,1,41124
7-Aug-15,0,1,1,35565
8-Aug-15,0,1,1,109258
9-Aug-15,1,0.49,1,33458
10-Aug-15,0,0,0,415
11-Aug-15,0,0,0,272
12-Aug-15,0,0,0,756
13-Aug-15,0,0,0,759
14-Aug-15,0,1,0,98829
15-Aug-15,0,0.87,0,32532
16-Aug-15,1,0.87,0,96546
17-Aug-15,0,1,0,89064
18-Aug-15,0,0.91,0,72370
19-Aug-15,0,1,0,46256
20-Aug-15,0,1,0,50218
21-Aug-15,0,1,0,118952
22-Aug-15,0,1,0,81366
23-Aug-15,1,0.85,0,52311
24-Aug-15,0,0.93,0,38720
25-Aug-15,0,0.92,0,51442
26-Aug-15,0,1,0,118972
27-Aug-15,0,0.71,0,105343
28-Aug-15,0,1,0,156931
29-Aug-15,0,1,1,119798
30-Aug-15,1,0.84,1,84459
31-Aug-15,0,0.83,1,33525
1-Sep-15,0,1,1,71705
2-Sep-15,0,1,1,56877
3-Sep-15,0,1,1,102208
4-Sep-15,0,1,1,54533
5-Sep-15,0,1,1,59658
6-Sep-15,1,1,1,176428
7-Sep-15,0,0.87,1,103153
8-Sep-15,0,0.95,1,115923
9-Sep-15,0,0.16,1,407
10-Sep-15,0,0.53,0,83480
11-Sep-15,0,1,0,191649
12-Sep-15,0,1,0,77404
13-Sep-15,1,0.88,0,92666
14-Sep-15,0,1,0,177736
15-Sep-15,0,0.93,0,93653
16-Sep-15,0,0.97,0,71189
17-Sep-15,0,1,0,208262
18-Sep-15,0,1,0,78729
19-Sep-15,0,0.87,0,126667
20-Sep-15,1,1,0,132730
21-Sep-15,0,0.98,0,103727
22-Sep-15,0,1,0,100769
23-Sep-15,0,1,0,193174
24-Sep-15,0,0.96,0,61546
25-Sep-15,0,1,0,162834
26-Sep-15,0,1,0,114998
27-Sep-15,1,1,0,50477
28-Sep-15,0,0.95,0,86617
29-Sep-15,0,0.94,1,101040
30-Sep-15,0,0.97,1,65294
1-Oct-15,0,0.96,1,154282
2-Oct-15,0,0.94,1,102376
3-Oct-15,0,0.79,1,97754
4-Oct-15,1,1,1,103091
5-Oct-15,0,1,1,108775
6-Oct-15,0,0.89,1,53700
7-Oct-15,0,1,1,176917
8-Oct-15,0,1,1,265622
9-Oct-15,0,0.84,1,148702
10-Oct-15,0,0.82,0,230807
11-Oct-15,1,1,0,187137
12-Oct-15,0,1,0,329646
13-Oct-15,0,1,0,357980
14-Oct-15,0,0.95,0,138734
15-Oct-15,0,0.9,0,315350
16-Oct-15,0,1,0,134585
17-Oct-15,0,1,0,119015
18-Oct-15,1,0.97,0,226683
19-Oct-15,0,1,0,140831
20-Oct-15,0,1,0,123128
21-Oct-15,0,1,0,103808
22-Oct-15,0,0.82,0,74322
23-Oct-15,0,0.97,0,129591
24-Oct-15,0,0.97,0,147343
25-Oct-15,1,0.96,0,83019
26-Oct-15,0,0.97,0,204299
27-Oct-15,0,1,0,133747
28-Oct-15,0,1,0,217273
29-Oct-15,0,1,1,152705
30-Oct-15,0,1,1,105296
31-Oct-15,0,1,1,162871
1-Nov-15,1,1,1,224639
2-Nov-15,0,0.97,1,201485
3-Nov-15,0,0.94,1,168850
4-Nov-15,0,0.96,1,120824
5-Nov-15,0,1,1,191176
6-Nov-15,0,1,1,286711
7-Nov-15,0,1,1,416832
8-Nov-15,1,1,1,619209
9-Nov-15,0,0.86,1,613055
10-Nov-15,0,1,0,416574
11-Nov-15,0,1,0,219293
12-Nov-15,0,1,0,209480
13-Nov-15,0,1,0,183983
14-Nov-15,0,1,0,143127
15-Nov-15,1,1,0,258365
16-Nov-15,0,0.97,0,75005
17-Nov-15,0,0.96,0,153043
18-Nov-15,0,0.27,0,59135
19-Nov-15,0,0.65,0,155102
20-Nov-15,0,0.71,0,45921
21-Nov-15,0,0.95,0,115857
22-Nov-15,1,0.38,0,145188
23-Nov-15,0,1,0,269614
24-Nov-15,0,0,0,700
25-Nov-15,0,0.31,0,65198
26-Nov-15,0,0.16,0,29390
27-Nov-15,0,0,0,72
28-Nov-15,0,0.21,0,36746
29-Nov-15,1,1,1,162839
30-Nov-15,0,0.55,1,65004
1-Dec-15,0,0.98,1,225655
2-Dec-15,0,1,1,263079
3-Dec-15,0,0.89,1,85018
4-Dec-15,0,1,1,37719
5-Dec-15,0,0.96,1,103306
6-Dec-15,1,0.98,1,79893
7-Dec-15,0,0.44,1,10876
8-Dec-15,0,0,1,466
9-Dec-15,0,0,1,409
10-Dec-15,0,0,0,1000
11-Dec-15,0,0,0,369
12-Dec-15,0,1,0,112390
13-Dec-15,1,0.29,0,13009
14-Dec-15,0,0,0,859
15-Dec-15,0,0.29,0,98509
16-Dec-15,0,1,0,111269
17-Dec-15,0,1,0,76966
18-Dec-15,0,1,0,80754
19-Dec-15,0,1,0,124701
20-Dec-15,1,1,0,100958
21-Dec-15,0,1,0,200765
22-Dec-15,0,0.9,0,111001
23-Dec-15,0,0.74,0,53369
24-Dec-15,0,0.15,0,2269
25-Dec-15,0,0.14,0,4377
26-Dec-15,0,0,0,607
27-Dec-15,1,0,0,338
28-Dec-15,0,0,0,912
29-Dec-15,0,0,1,950
30-Dec-15,0,0,1,403
31-Dec-15,0,0.56,1,32679
1-Jan-16,0,1,1,296321
2-Jan-16,0,0.94,1,165402
3-Jan-16,1,1,1,325224
4-Jan-16,0,0,1,620
5-Jan-16,0,0.97,1,76882
6-Jan-16,0,1,1,252556
7-Jan-16,0,1,1,290958
8-Jan-16,0,1,1,345025
9-Jan-16,0,1,1,292746
10-Jan-16,1,0.87,0,312796
11-Jan-16,0,1,0,213371
12-Jan-16,0,1,0,267833
13-Jan-16,0,1,0,202692
14-Jan-16,0,1,0,289908
15-Jan-16,0,0.95,0,183540
16-Jan-16,0,0.92,0,158270
17-Jan-16,1,0.9,0,229080
18-Jan-16,0,0.96,0,140096
19-Jan-16,0,0.88,0,67920
20-Jan-16,0,0.96,0,59458
21-Jan-16,0,1,0,89207
22-Jan-16,0,1,0,160929
23-Jan-16,0,0.97,0,134461
24-Jan-16,1,0.89,0,90031
25-Jan-16,0,0.96,0,33254
26-Jan-16,0,1,0,168502
27-Jan-16,0,1,0,146773
28-Jan-16,0,1,0,135082
29-Jan-16,0,1,1,138654
30-Jan-16,0,0.75,1,75671
31-Jan-16,1,0,1,947
1-Feb-16,0,0.54,1,226553
2-Feb-16,0,1,1,249503
3-Feb-16,0,1,1,270080
4-Feb-16,0,0.97,1,170849
5-Feb-16,0,1,1,249180
6-Feb-16,0,1,1,239791
7-Feb-16,1,1,1,473156
8-Feb-16,0,0.92,1,368092
9-Feb-16,0,1,1,316880
10-Feb-16,0,1,0,505688
11-Feb-16,0,0.95,0,385028
12-Feb-16,0,0.89,0,254205
13-Feb-16,0,0,0,918
14-Feb-16,1,0,0,809
15-Feb-16,0,0,0,148
16-Feb-16,0,1,0,142279
17-Feb-16,0,1,0,334854
18-Feb-16,0,0.78,0,96491
19-Feb-16,0,1,0,237848
20-Feb-16,0,1,0,248498
21-Feb-16,1,1,0,323600
22-Feb-16,0,1,0,208621
23-Feb-16,0,0.95,0,169567
24-Feb-16,0,1,0,179054
25-Feb-16,0,0.95,0,112311
26-Feb-16,0,1,0,197790
27-Feb-16,0,1,0,232994
28-Feb-16,1,0.26,0,51343
29-Feb-16,0,0.38,1,123425
1-Mar-16,0,1,1,264354
2-Mar-16,0,1,1,255056
3-Mar-16,0,0.9,1,150201
4-Mar-16,0,0.29,1,626
5-Mar-16,0,0.4,1,710
6-Mar-16,1,0.26,1,763
7-Mar-16,0,0,1,52
8-Mar-16,0,0,1,21
9-Mar-16,0,0.46,1,258431
10-Mar-16,0,1,0,318150
11-Mar-16,0,0.86,0,219202
12-Mar-16,0,0.81,0,92246
13-Mar-16,1,1,0,447342
14-Mar-16,0,0.97,0,339971
15-Mar-16,0,0.89,0,117854
16-Mar-16,0,1,0,366331
17-Mar-16,0,0.88,0,175361
18-Mar-16,0,1,0,149031
19-Mar-16,0,0.91,0,90151
20-Mar-16,1,1,0,185579
21-Mar-16,0,0.92,0,300626
22-Mar-16,0,0.97,0,212563
23-Mar-16,0,1,0,57271
24-Mar-16,0,1,0,53298
25-Mar-16,0,0.72,0,99824
26-Mar-16,0,0.93,0,63286
27-Mar-16,1,0.97,0,44787
28-Mar-16,0,0.9,0,30237
29-Mar-16,0,0,1,317
30-Mar-16,0,0.23,1,62365
31-Mar-16,0,1,1,71406
1-Apr-16,0,0.68,1,230576
2-Apr-16,0,1,1,217507
3-Apr-16,1,1,1,291811
4-Apr-16,0,1,1,181523
5-Apr-16,0,0.9,1,67919
6-Apr-16,0,1,1,214418
7-Apr-16,0,0.91,1,473461
8-Apr-16,0,0.97,1,93220
9-Apr-16,0,1,1,273003
10-Apr-16,1,0.87,0,280420
11-Apr-16,0,1,0,296829
12-Apr-16,0,1,0,273283
13-Apr-16,0,0.84,0,98435
14-Apr-16,0,1,0,178189
15-Apr-16,0,1,0,190131
16-Apr-16,0,0.79,0,25388
17-Apr-16,1,0.81,0,114625
18-Apr-16,0,0.51,0,129977
19-Apr-16,0,1,0,146451
20-Apr-16,0,1,0,93272
21-Apr-16,0,1,0,47784
22-Apr-16,0,1,0,75877
23-Apr-16,0,0.89,0,61974
24-Apr-16,1,1,0,45378
25-Apr-16,0,0.96,0,82078
26-Apr-16,0,1,0,51209
27-Apr-16,0,0.86,0,64167
28-Apr-16,0,1,0,46776
29-Apr-16,0,0.8,1,21003
30-Apr-16,0,0.94,1,37966
1-May-16,1,1,1,111757
2-May-16,0,1,1,140977
3-May-16,0,1,1,41338
4-May-16,0,1,1,85756
5-May-16,0,0.36,1,19040
6-May-16,0,0.85,1,108808
7-May-16,0,0.95,1,163505
8-May-16,1,1,1,281340
9-May-16,0,1,1,172729
10-May-16,0,1,0,172554
11-May-16,0,0.89,0,139800
12-May-16,0,0.74,0,157285
13-May-16,0,0.95,0,201827
14-May-16,0,0.96,0,69839
15-May-16,1,1,0,117953
16-May-16,0,1,0,249237
17-May-16,0,1,0,165477
18-May-16,0,0.9,0,72051
19-May-16,0,0.79,0,86688
20-May-16,0,0.87,0,28083
21-May-16,0,0.97,0,93565
22-May-16,1,1,0,88926
23-May-16,0,0.59,0,35563
24-May-16,0,0.07,0,717
25-May-16,0,0.97,0,83124
26-May-16,0,0.92,0,92056
27-May-16,0,0.86,0,59772
28-May-16,0,1,0,119785
29-May-16,1,0.84,1,145636
30-May-16,0,0.02,1,321
31-May-16,0,0,1,348
1-Jun-16,0,0,1,59
2-Jun-16,0,0.49,1,137577
3-Jun-16,0,1,1,83448
4-Jun-16,0,1,1,153342
5-Jun-16,1,0.87,1,80884
6-Jun-16,0,1,1,126743
7-Jun-16,0,1,1,190558
8-Jun-16,0,1,1,196798
9-Jun-16,0,1,1,200101
10-Jun-16,0,1,0,161591
11-Jun-16,0,1,0,154482
12-Jun-16,1,0.83,0,213267
13-Jun-16,0,1,0,276265
14-Jun-16,0,1,0,143284
15-Jun-16,0,1,0,97399
16-Jun-16,0,0.97,0,129251
17-Jun-16,0,1,0,120990
18-Jun-16,0,1,0,121756
19-Jun-16,1,1,0,170914
20-Jun-16,0,1,0,115724
21-Jun-16,0,1,0,45311
22-Jun-16,0,1,0,86593
23-Jun-16,0,1,0,113720
24-Jun-16,0,1,0,45563
25-Jun-16,0,0.99,0,101780
26-Jun-16,1,0.94,0,243226
27-Jun-16,0,1,0,220121
28-Jun-16,0,1,0,84768
29-Jun-16,0,1,1,21820
30-Jun-16,0,0.48,1,86435
1-Jul-16,0,1,1,174406
2-Jul-16,0,1,1,93784
3-Jul-16,1,1,1,128838
4-Jul-16,0,1,1,168708
5-Jul-16,0,1,1,143512
6-Jul-16,0,1,1,157263
7-Jul-16,0,1,1,154060
8-Jul-16,0,1,1,104070
9-Jul-16,0,0.93,1,102873
10-Jul-16,1,0.95,0,305450
11-Jul-16,0,1,0,78077
12-Jul-16,0,1,0,271729
13-Jul-16,0,0.97,0,121598
14-Jul-16,0,1,0,210023
15-Jul-16,0,1,0,158836
16-Jul-16,0,0.97,0,130499
17-Jul-16,1,1,0,218570
18-Jul-16,0,1,0,91881
19-Jul-16,0,1,0,183186
20-Jul-16,0,1,0,107512
21-Jul-16,0,1,0,108957
22-Jul-16,0,1,0,154984
23-Jul-16,0,1,0,64300
24-Jul-16,1,1,0,82168
25-Jul-16,0,1,0,98809
26-Jul-16,0,1,0,96405
27-Jul-16,0,1,0,172118
28-Jul-16,0,0.97,0,37535
29-Jul-16,0,0.89,1,110240
30-Jul-16,0,0.96,1,135411
31-Jul-16,1,1,1,135066
1-Aug-16,0,1,1,148652
2-Aug-16,0,1,1,110072
3-Aug-16,0,1,1,134205
4-Aug-16,0,1,1,96697
5-Aug-16,0,1,1,122333
6-Aug-16,0,1,1,142029
7-Aug-16,1,1,1,303233
8-Aug-16,0,1,1,55160
9-Aug-16,0,1,1,327062
10-Aug-16,0,1,0,171095
11-Aug-16,0,1,0,283219
12-Aug-16,0,1,0,411894
13-Aug-16,0,1,0,123599
14-Aug-16,1,1,0,100363
15-Aug-16,0,1,0,131882
16-Aug-16,0,1,0,165035
17-Aug-16,0,1,0,125775
18-Aug-16,0,1,0,145651
19-Aug-16,0,1,0,84731
20-Aug-16,0,1,0,124706
21-Aug-16,1,1,0,161746
22-Aug-16,0,0.97,0,89217
23-Aug-16,0,0.66,0,11460
24-Aug-16,0,1,0,64268
25-Aug-16,0,1,0,82407
26-Aug-16,0,1,0,56775
27-Aug-16,0,1,0,57270
28-Aug-16,1,1,0,107911
29-Aug-16,0,1,1,96248
30-Aug-16,0,1,1,48118
31-Aug-16,0,0.87,1,91568
